City_ID,City,Lat,Lng,Max Temp,Humidity,Cloudiness,Wind Speed,Country,Date
0,sosnogorsk,63.6023,53.8817,-9.14,99,96,1.34,RU,1698721554
1,susuman,62.7833,148.1667,-13.34,94,82,0.45,RU,1698721554
2,adamstown,-25.066,-130.1015,23.0,76,100,3.06,PN,1698721376
3,auki,-8.7676,160.7034,27.86,82,98,0.78,SB,1698721554
4,papatowai,-46.5619,169.4708,14.9,66,100,2.51,NZ,1698721554
5,lichinga,-13.3128,35.2406,20.05,77,100,5.36,MZ,1698721555
6,montagu,-40.7667,144.9667,12.49,58,32,7.59,AU,1698721555
7,malpe,13.35,74.7167,25.61,81,100,1.95,IN,1698721555
8,port-aux-francais,-49.35,70.2167,3.8,89,100,17.02,TF,1698721555
9,san patricio,28.017,-97.5169,8.43,72,100,6.04,US,1698721476
10,mejit,10.2753,170.8646,28.23,79,98,8.56,MH,1698721556
11,waitangi,-43.9535,-176.5597,14.34,83,100,5.81,NZ,1698721465
12,petropavlovsk-kamchatsky,53.0452,158.6483,6.33,62,0,5.36,RU,1698721556
13,tukrah,32.5341,20.5791,19.95,86,5,2.46,LY,1698721556
14,tolanaro,-25.0319,46.9987,24.04,88,75,0.0,MG,1698721478
15,ivdel',60.6911,60.4206,-4.43,65,97,4.02,RU,1698721556
16,edinburgh of the seven seas,-37.0676,-12.3116,13.83,95,100,12.36,SH,1698721376
17,smithers,54.7804,-127.1743,-2.82,86,20,1.03,CA,1698721552
18,ta`u,-14.2336,-169.5144,26.97,78,30,10.53,AS,1698721557
19,codrington,-38.2667,141.9667,13.95,50,81,7.04,AU,1698721557
20,ushuaia,-54.8,-68.3,2.81,70,75,6.69,AR,1698721468
21,sisimiut,66.9395,-53.6735,-1.44,61,84,4.53,GL,1698721557
22,dzhalagash,45.0833,64.6667,6.75,68,6,5.42,KZ,1698721558
23,west island,-12.1568,96.8225,27.99,78,75,6.69,CC,1698721409
24,tazovsky,67.4667,78.7,-17.06,97,34,2.55,RU,1698721558
25,bel ombre,-4.6167,55.4167,26.91,78,40,2.06,SC,1698721558
26,ribeira grande,38.5167,-28.7,19.87,84,41,8.94,PT,1698721558
27,praia da vitoria,38.7333,-27.0667,19.31,77,40,7.14,PT,1698721558
28,enewetak,11.3474,162.3373,28.33,80,100,7.67,MH,1698721394
29,bilibino,68.0546,166.4372,-15.73,78,70,1.25,RU,1698721392
30,hithadhoo,-0.6,73.0833,26.99,80,100,4.88,MV,1698721477
31,grytviken,-54.2811,-36.5092,2.74,82,88,2.98,GS,1698721458
32,suixi,33.8907,116.7747,26.88,33,0,5.82,CN,1698721322
33,angaur state,6.906,134.13,28.53,73,22,2.15,PW,1698721559
34,bethel,41.3712,-73.414,9.45,77,100,2.57,US,1698721421
35,port alfred,-33.5906,26.891,14.3,80,21,6.8,ZA,1698721559
36,yampil',51.95,33.7833,9.56,85,100,3.05,UA,1698721560
37,robertsport,6.7533,-11.3686,26.17,84,1,2.66,LR,1698721560
38,avarua,-21.2078,-159.775,24.03,73,75,6.17,CK,1698721560
39,anadyr,64.75,177.4833,1.67,93,40,3.0,RU,1698721496
40,blackmans bay,-43.0167,147.3167,16.07,49,81,1.34,AU,1698721466
41,saipan,15.1355,145.701,31.39,74,75,6.69,MP,1698721470
42,tiksi,71.6872,128.8694,-20.28,100,85,1.02,RU,1698721560
43,hadibu,12.65,54.0333,26.41,74,98,4.29,YE,1698721561
44,yellowknife,62.456,-114.3525,-2.55,99,75,2.06,CA,1698721288
45,saldanha,-33.0117,17.9442,16.03,68,2,4.59,ZA,1698721464
46,uturoa,-16.7333,-151.4333,26.41,80,10,8.07,PF,1698721561
47,gadzhiyevo,69.2551,33.3362,-5.67,93,100,5.06,RU,1698721561
48,ilulissat,69.2167,-51.1,2.01,51,7,7.2,GL,1698721561
49,chinde,26.8418,88.0763,19.24,54,56,1.04,NP,1698721561
50,kodiak,57.79,-152.4072,7.73,93,100,3.6,US,1698721562
51,rosetta,31.4044,30.4164,24.14,83,97,4.61,EG,1698721562
52,iqaluit,63.7506,-68.5145,-12.15,78,75,7.72,CA,1698721474
53,whitehorse,60.7161,-135.0538,1.43,93,100,2.57,CA,1698721562
54,puerto natales,-51.7236,-72.4875,0.45,77,1,1.75,CL,1698721562
55,invercargill,-46.4,168.35,15.01,78,100,2.24,NZ,1698721563
56,changling,44.2653,124.0005,15.29,37,94,8.05,CN,1698721527
57,novodvinsk,64.4165,40.8122,-8.45,97,69,1.95,RU,1698721563
58,mount pearl,47.5166,-52.7813,0.81,94,100,3.09,CA,1698721563
59,nova sintra,14.8667,-24.7167,23.55,67,64,1.17,CV,1698721563
60,mount isa,-20.7333,139.5,37.87,20,10,2.57,AU,1698721484
61,suriapet,17.15,79.6167,24.96,75,7,2.82,IN,1698721564
62,tonghae,37.5439,129.1069,20.16,45,0,1.39,KR,1698721265
63,fort mcmurray,56.7268,-111.381,-3.23,68,100,2.06,CA,1698721564
64,longgang,37.6508,120.3286,21.68,57,0,6.4,CN,1698721564
65,longboat key,27.4125,-82.659,24.45,75,0,2.57,US,1698721556
66,pisco,-13.7,-76.2167,19.45,82,15,7.2,PE,1698721565
67,semey,50.4111,80.2275,8.12,93,75,3.0,KZ,1698721565
68,maintirano,-18.0667,44.0167,25.16,75,61,3.98,MG,1698721340
69,saint-philippe,-21.3585,55.7679,24.77,77,16,4.3,RE,1698721565
70,hermanus,-34.4187,19.2345,13.37,81,26,7.07,ZA,1698721383
71,languyan,5.2618,120.0807,30.58,63,99,0.19,PH,1698721565
72,olonkinbyen,70.9221,-8.7187,1.89,75,100,5.07,SJ,1698721458
73,wailua homesteads,22.0669,-159.378,26.44,75,75,3.6,US,1698721566
74,margaret river,-33.95,115.0667,19.7,40,61,0.37,AU,1698721370
75,safotu,-13.4513,-172.4018,27.58,86,74,10.64,WS,1698721566
76,stanley,54.868,-1.6985,7.09,95,75,2.57,GB,1698721566
77,belo sur tsiribihina,-19.7,44.55,23.32,77,11,1.11,MG,1698721566
78,badger,64.8,-147.5333,-0.05,91,75,0.0,US,1698721492
79,albany,42.6001,-73.9662,5.85,82,100,3.74,US,1698721567
80,crane,31.3974,-102.3501,4.75,48,1,1.98,US,1698721567
81,slavyanka,42.8633,131.3847,14.2,74,80,2.63,RU,1698721567
82,altamont,42.2068,-121.7372,4.38,46,0,1.54,US,1698721567
83,orange cove,36.6244,-119.3137,17.0,51,0,1.54,US,1698721567
84,kitgum,3.2783,32.8867,19.54,88,83,1.9,UG,1698721568
85,klyuchi,52.2667,79.1667,5.76,96,100,2.51,RU,1698721381
86,longyearbyen,78.2186,15.6401,0.91,75,75,7.2,SJ,1698721568
87,bazarnyy syzgan,53.7512,46.7535,8.34,89,100,7.56,RU,1698721568
88,talnakh,69.4865,88.3972,-16.55,96,100,2.12,RU,1698721568
89,ust-nera,64.5667,143.2,-11.93,98,100,2.31,RU,1698721569
90,kermit,31.8576,-103.0927,4.91,48,0,2.06,US,1698721454
91,hawaiian paradise park,19.5933,-154.9731,26.04,88,100,2.57,US,1698721569
92,vernon,50.2581,-119.2691,1.27,71,25,1.03,CA,1698721569
93,natchez,31.5604,-91.4032,7.92,93,100,4.12,US,1698721569
94,arraial do cabo,-22.9661,-42.0278,24.17,91,100,2.41,BR,1698721569
95,puerto madero,14.7208,-92.4215,27.25,80,100,1.92,MX,1698721263
96,nova vicosa,-17.8919,-39.3719,24.49,77,76,5.9,BR,1698721570
97,hamilton,39.1834,-84.5333,4.11,81,100,3.6,US,1698721346
98,castelo branco,39.8222,-7.4909,8.46,93,100,0.73,PT,1698721570
99,miranda,3.2499,-76.2281,21.88,91,100,0.58,CO,1698721267
100,tual,-5.6667,132.75,27.57,80,42,3.43,ID,1698721570
101,vanino,49.0869,140.2543,7.18,38,88,2.47,RU,1698721571
102,vilyuchinsk,52.9306,158.4028,7.15,58,16,4.41,RU,1698721391
103,umba,66.6871,34.3429,-4.3,75,75,4.35,RU,1698721571
104,georgetown,5.4112,100.3354,31.96,83,20,1.54,MY,1698721157
105,as sulayyil,20.4607,45.5779,25.14,32,97,3.61,SA,1698721571
106,acarau,-2.8856,-40.12,25.74,75,76,5.48,BR,1698721497
107,nurabad,34.0734,47.9725,12.95,32,100,1.6,IR,1698721572
108,college,64.8569,-147.8028,-0.01,86,75,0.0,US,1698721572
109,waddan,29.1614,16.139,20.25,50,63,3.32,LY,1698721572
110,happy valley-goose bay,53.3168,-60.3315,-2.83,59,20,5.14,CA,1698721540
111,stettler,52.3168,-112.7186,-1.14,86,100,5.14,CA,1698721371
112,maur,30.0833,75.25,24.53,33,2,2.07,IN,1698721572
113,aasiaat,68.7098,-52.8699,-7.8,83,39,5.5,GL,1698721573
114,fortuna,40.5982,-124.1573,9.51,75,0,0.0,US,1698721332
115,punta del este,-34.9667,-54.95,12.71,77,0,4.63,UY,1698721573
116,sofo-birnin-gwari,11.0154,6.7804,22.85,30,100,2.68,NG,1698721573
117,cururupu,-1.8283,-44.8683,24.61,87,5,2.03,BR,1698721573
118,ouadda,8.0777,22.4007,21.16,73,57,1.84,CF,1698721574
119,port douglas,-16.4833,145.4667,25.72,54,98,4.75,AU,1698721574
120,toliara,-23.35,43.6667,21.71,83,66,4.31,MG,1698721574
121,dudinka,69.4058,86.1778,-16.32,97,98,0.89,RU,1698721574
122,gurupi,-11.7292,-49.0686,30.34,28,64,1.91,BR,1698721455
123,abou el hassan,36.4166,1.1962,17.69,84,76,1.82,DZ,1698721575
124,tricase,39.9304,18.3553,20.73,80,93,9.76,IT,1698721575
125,monrovia,6.3005,-10.7969,25.52,87,33,2.13,LR,1698721575
126,atafu village,-8.5421,-172.5159,29.14,73,26,6.45,TK,1698721575
127,revda,56.801,59.9303,-4.96,95,95,1.02,RU,1698721575
128,howrah,22.5892,88.3103,27.0,78,61,0.0,IN,1698721576
129,taltal,-25.4,-70.4833,16.77,78,23,2.89,CL,1698721221
130,island harbour,50.724,-1.2758,11.1,92,100,4.77,GB,1698721576
131,kaa-khem,51.6833,94.7333,-0.33,83,100,1.04,RU,1698721576
132,thompson,55.7435,-97.8558,-6.91,79,100,2.57,CA,1698721277
133,marsa alam,25.0757,34.8918,25.41,67,0,2.16,EG,1698721577
134,puerto ayora,-0.7393,-90.3518,23.64,91,100,1.34,EC,1698721379
135,punta arenas,-53.15,-70.9167,3.06,60,0,4.63,CL,1698721376
136,vikulovo,56.8167,70.6107,-10.65,95,47,3.55,RU,1698721577
137,wakkanai,45.4094,141.6739,14.49,85,75,9.26,JP,1698721577
138,alofi,-19.0595,-169.9187,26.94,65,75,6.69,NU,1698721397
139,minas de marcona,-15.2119,-75.1103,14.81,84,70,5.31,PE,1698721578
140,la passe,45.5549,-0.8967,15.55,83,60,10.78,FR,1698721578
141,sinabang,2.4803,96.3801,27.09,78,99,1.67,ID,1698721437
142,isafjordur,66.0755,-23.124,1.52,72,38,1.69,IS,1698721482
143,moires,35.0532,24.8744,17.42,74,0,1.86,GR,1698721579
144,lindi,-10.0,39.7167,23.73,90,97,1.23,TZ,1698721579
145,napili-honokowai,20.9708,-156.6705,28.51,88,28,4.31,US,1698721579
146,tabou,4.423,-7.3528,25.08,90,76,0.76,CI,1698721461
147,lido adriano,44.4123,12.3086,19.54,81,79,5.69,IT,1698721580
148,alexandria,31.2156,29.9553,22.3,83,99,4.67,EG,1698721191
149,inzhavino,52.3185,42.4937,10.06,80,74,6.68,RU,1698721580
150,salacgriva,57.7536,24.3581,7.55,94,97,4.64,LV,1698721580
151,viedma,-40.8135,-62.9967,5.77,76,1,3.83,AR,1698721580
152,puerto francisco de orellana,-0.4667,-76.9667,23.96,87,100,1.06,EC,1698721581
153,hwange,-18.3693,26.5019,20.97,75,69,2.34,ZW,1698721581
154,constantia,44.1833,28.65,11.5,83,2,3.35,RO,1698721581
155,waingapu,-9.6567,120.2641,31.52,57,3,5.14,ID,1698721506
156,luderitz,-26.6481,15.1594,16.28,47,2,2.56,NA,1698721581
157,hauterive,46.0901,3.4459,13.42,83,31,3.9,FR,1698721581
158,lebu,-37.6167,-73.65,7.36,82,94,3.91,CL,1698721306
159,sunrise manor,36.2111,-115.0731,16.59,13,0,4.47,US,1698721582
160,taro,-8.3862,115.28,27.0,46,4,2.11,ID,1698721582
161,tura,25.5198,90.2201,25.37,68,64,0.51,IN,1698721477
162,vorkuta,67.5,64.0,-9.82,95,100,4.33,RU,1698721582
163,goure,13.9835,10.2704,26.51,17,81,3.99,NE,1698721583
164,puerto ayacucho,5.6639,-67.6236,25.4,84,100,1.88,VE,1698721583
165,heathrow,28.7633,-81.3722,23.36,90,0,2.06,US,1698721583
166,kristiansund,63.1115,7.732,-2.64,80,0,1.54,NO,1698721400
167,bredasdorp,-34.5322,20.0403,13.16,80,0,5.24,ZA,1698721583
168,llanes,43.4198,-4.7549,13.83,62,1,3.34,ES,1698721584
169,fort bragg,35.139,-79.006,21.91,75,0,2.06,US,1698721359
170,nuevitas,21.5453,-77.2644,25.26,90,40,1.02,CU,1698721584
171,iskateley,67.6803,53.1512,-10.55,97,89,2.68,RU,1698721584
172,thunder bay,48.4001,-89.3168,-3.01,63,100,2.57,CA,1698721304
173,qaqortoq,60.7167,-46.0333,5.61,61,99,11.73,GL,1698721584
174,patacamaya,-17.2333,-67.9167,11.42,32,88,1.51,BO,1698721584
175,nkove,-7.95,30.85,25.4,64,94,2.28,TZ,1698721585
176,borsad,22.4167,72.9,23.02,41,12,2.73,IN,1698721585
177,mailsi,29.8003,72.1758,26.15,31,0,2.13,PK,1698721585
178,hirara,24.8,125.2833,27.92,65,20,6.69,JP,1698721585
179,nabire,-3.3667,135.4833,27.98,83,24,1.68,ID,1698721585
180,vila franca do campo,37.7167,-25.4333,19.23,99,67,4.63,PT,1698721586
181,juan griego,11.0817,-63.9655,26.69,84,93,3.55,VE,1698721586
182,najran,17.4924,44.1277,19.36,53,39,1.73,SA,1698721586
183,pacific grove,36.6177,-121.9166,18.03,43,0,2.06,US,1698721586
184,el nido,11.1858,119.3956,29.32,73,100,5.41,PH,1698721586
185,chanar ladeado,-33.3252,-62.0383,14.04,46,100,2.98,AR,1698721586
186,salalah,17.0151,54.0924,25.05,83,0,2.06,OM,1698721452
187,genhe,50.7833,121.5167,-3.35,63,100,0.46,CN,1698721587
188,camp verde,34.5636,-111.8543,12.32,14,0,3.35,US,1698721587
189,berezovo,63.9381,65.0419,-9.38,87,100,3.05,RU,1698721587
190,ocozocoautla de espinosa,16.7667,-93.3667,20.78,92,83,3.88,MX,1698721587
191,daru,-9.0763,143.2092,27.26,72,91,5.74,PG,1698721587
192,las cruces,32.3123,-106.7783,7.97,48,0,1.54,US,1698721588
193,hastings,50.8552,0.5729,12.51,52,48,2.94,GB,1698721588
194,laguna,38.421,-121.4238,16.84,50,0,2.06,US,1698721427
195,moree,-29.4667,149.85,36.19,11,12,8.76,AU,1698721480
196,dapa,9.7594,126.0531,28.39,70,78,1.63,PH,1698721588
197,nieuw amsterdam,5.8833,-55.0833,27.23,87,61,4.23,SR,1698721588
198,kuchaiburi,22.2667,86.1667,23.91,67,0,1.22,IN,1698721578
199,holualoa,19.6228,-155.9522,26.39,77,20,5.66,US,1698721589
200,puerto deseado,-47.7503,-65.8938,4.09,59,17,5.31,AR,1698721589
201,siguiri,11.6667,-9.5,25.02,53,41,0.75,GN,1698721397
202,saltpond,5.2091,-1.0606,25.54,92,23,1.93,GH,1698721589
203,alamos,27.0167,-108.9333,22.04,47,0,1.14,MX,1698721589
204,fray luis beltran,-39.3167,-65.7667,11.24,25,82,9.3,AR,1698721590
205,greymouth,-42.4667,171.2,15.06,60,59,4.22,NZ,1698721590
206,colonia,50.9333,6.95,11.03,87,40,2.57,DE,1698721487
207,haiku-pauwela,20.9219,-156.3051,26.13,76,20,6.69,US,1698721590
208,dellys,36.9172,3.9131,19.76,82,90,6.34,DZ,1698721590
209,homer,59.6425,-151.5483,7.24,87,0,0.0,US,1698721590
210,chonchi,-42.6128,-73.8092,2.84,96,4,0.58,CL,1698721591
211,afaahiti,-17.75,-149.2833,26.93,82,39,8.74,PF,1698721591
212,srivardhan,18.0333,73.0167,26.79,55,7,1.78,IN,1698721591
213,dampit,-8.2116,112.7493,32.58,42,8,2.72,ID,1698721591
214,rikaze,29.25,88.8833,6.07,45,2,1.3,CN,1698721591
215,porto novo,6.4965,2.6036,24.9,85,82,1.68,BJ,1698721591
216,fomboni,-12.28,43.7425,26.83,73,16,1.51,KM,1698721592
217,wladyslawowo,54.7909,18.4009,11.63,90,100,6.53,PL,1698721592
218,dolores,-36.3132,-57.6792,7.45,72,42,4.06,AR,1698721592
219,polyarnyy,69.1989,33.4478,-5.47,93,100,5.04,RU,1698721404
220,solnechnyy,50.7214,136.6319,0.57,51,73,2.28,RU,1698721592
221,tazacorte,28.629,-17.9293,22.54,91,0,3.13,ES,1698721461
222,tughyl,47.7252,84.2063,9.38,91,100,8.3,KZ,1698721593
223,cadale,2.7603,46.3222,27.33,76,39,2.03,SO,1698721593
224,hammerfest,70.6634,23.6821,2.25,80,40,5.14,NO,1698721593
225,hooper,41.1638,-112.1224,3.95,61,0,0.0,US,1698721593
226,kuala terengganu,5.3302,103.1408,30.97,74,40,1.03,MY,1698721593
227,oranjemund,-28.55,16.4333,16.15,54,0,2.28,NA,1698721593
228,flin flon,54.7682,-101.865,-10.1,87,12,1.46,CA,1698721594
229,okhotsk,59.3833,143.3,-0.54,95,100,4.96,RU,1698721594
230,port elizabeth,-33.918,25.5701,15.16,83,0,5.14,ZA,1698721594
231,dunda,-8.1167,34.25,20.44,72,100,3.04,TZ,1698721594
232,vorgashor,67.5833,63.95,-10.12,95,100,4.27,RU,1698721398
233,ingeniero guillermo n. juarez,-23.9,-61.85,24.08,74,100,5.9,AR,1698721594
234,dunedin,-45.8742,170.5036,15.45,75,100,3.13,NZ,1698721450
235,ola,59.5833,151.2833,0.08,65,22,2.48,RU,1698721518
236,itacarambi,-15.1022,-44.0919,30.01,36,100,1.53,BR,1698721595
237,griffith,41.5284,-87.4237,1.05,63,0,2.06,US,1698721595
238,port lincoln,-34.7333,135.8667,15.9,46,30,5.09,AU,1698721595
239,baise city,23.8997,106.6133,25.75,99,98,0.42,CN,1698721595
240,alice springs,-23.7,133.8833,29.75,13,3,6.69,AU,1698721382
241,marquette,46.5333,-87.6335,-2.35,58,100,1.34,US,1698721596
242,mattarello,46.0079,11.1285,16.58,93,72,2.18,IT,1698721596
243,cabo san lucas,22.8909,-109.9124,26.53,80,37,0.89,MX,1698721328
244,ancud,-41.8697,-73.8203,4.87,89,11,2.74,CL,1698721596
245,cassilandia,-19.1133,-51.7342,25.34,72,100,1.4,BR,1698721389
246,kodinsk,58.6881,99.1844,-9.76,62,5,2.38,RU,1698721596
247,ulsteinvik,62.3432,5.8487,2.64,65,0,3.13,NO,1698721597
248,akureyri,65.6835,-18.0878,-8.04,93,35,0.0,IS,1698721597
249,balikpapan,-1.2675,116.8289,30.55,70,20,2.06,ID,1698721471
250,dalandzadgad,43.5708,104.425,9.75,49,76,4.01,MN,1698721597
251,port saint john's,-31.6229,29.5448,14.86,87,100,3.06,ZA,1698721491
252,dawukou,39.0419,106.3958,18.35,17,3,2.16,CN,1698721597
253,dwarka,22.2394,68.9678,27.85,50,0,2.61,IN,1698721598
254,kuanda,56.3161,116.0806,-9.15,41,69,0.96,RU,1698721598
255,vilhena,-12.7406,-60.1458,21.81,89,91,2.61,BR,1698721598
256,mendoza,-32.8908,-68.8272,13.74,23,0,3.09,AR,1698721598
257,mil'kovo,55.6078,37.7956,7.41,96,90,3.08,RU,1698721598
258,tateyama,34.9833,139.8667,20.61,55,43,1.89,JP,1698721598
259,kiknur,57.3034,47.2011,-1.5,98,98,2.33,RU,1698721599
260,port mathurin,-19.6833,63.4167,24.55,80,38,8.69,MU,1698721599
261,ataq,14.5377,46.8319,19.47,76,70,1.99,YE,1698721599
262,tralee,52.2704,-9.7026,9.93,88,85,2.37,IE,1698721599
263,posse,-14.0931,-46.3694,27.69,30,100,2.22,BR,1698721323
264,sanctuary point,-35.1114,150.629,22.21,41,0,6.66,AU,1698721599
265,tofol,5.3248,163.0078,26.88,89,100,3.09,FM,1698721600
266,kyzyl-mazhalyk,51.1333,90.6,-1.16,46,100,0.89,RU,1698721600
267,antofagasta,-23.65,-70.4,16.6,69,37,3.59,CL,1698721564
268,lihue,21.9789,-159.3672,26.77,74,75,3.6,US,1698721496
269,isoka,-10.1606,32.6335,19.88,67,69,1.84,ZM,1698721600
270,malango,-2.9627,119.9001,30.97,40,25,2.38,ID,1698721600
271,alpine,32.835,-116.7664,18.13,24,0,0.0,US,1698721600
272,salinopolis,-0.6136,-47.3561,26.56,80,61,3.86,BR,1698721601
273,buka,40.8108,69.1986,14.39,68,100,5.24,UZ,1698721601
274,carnarvon,-24.8667,113.6333,26.51,46,0,4.24,AU,1698721580
275,sao vicente,-23.9631,-46.3919,30.15,26,92,0.84,BR,1698721601
276,siwa oasis,29.2041,25.5195,21.05,78,2,2.64,EG,1698721601
277,quezon,7.7303,125.0989,29.51,70,100,1.47,PH,1698721601
278,tshabong,-26.05,22.45,12.9,75,3,7.94,BW,1698721341
279,alaghsas,17.0187,8.0168,25.59,15,100,4.97,NE,1698721404
280,ciudad lazaro cardenas,17.9583,-102.2,26.38,88,13,1.68,MX,1698721493
281,yuzhno-kurilsk,44.0306,145.8556,11.32,81,21,5.15,RU,1698721518
282,wankyi,7.7392,-2.1046,22.84,89,2,1.79,GH,1698721603
283,lagoa,39.05,-27.9833,18.98,82,17,12.09,PT,1698721603
284,margate,51.3813,1.3862,8.16,96,7,3.36,GB,1698721603
285,kiunga,-6.1219,141.2906,31.95,56,94,2.12,PG,1698721603
286,talcahuano,-36.7167,-73.1167,8.39,76,79,4.52,CL,1698721603
287,udachny,66.4167,112.4,-20.09,97,100,2.72,RU,1698721409
288,rio grande,-32.035,-52.0986,18.86,95,98,2.77,BR,1698721604
289,caleta de carquin,-11.0925,-77.6267,19.53,88,99,4.1,PE,1698721604
290,sumbawa besar,-8.5,117.4333,35.36,32,2,4.83,ID,1698721604
291,puerto baquerizo moreno,-0.9,-89.6,23.26,81,100,4.08,EC,1698721604
292,rubtsovsk,51.5,81.25,7.58,85,100,2.88,RU,1698721604
293,fisterra,42.9049,-9.2629,12.79,76,27,7.51,ES,1698721605
294,amboise,47.4125,0.9827,11.3,92,100,5.14,FR,1698721605
295,piti village,13.4626,144.6933,31.49,78,75,6.17,GU,1698721605
296,bikenibeu village,1.3673,173.1241,29.98,74,40,2.57,KI,1698721605
297,nijar,36.9665,-2.206,14.81,59,0,2.06,ES,1698721605
298,port maria,18.3685,-76.8895,27.98,98,100,1.34,JM,1698721605
299,yahyali,38.1023,35.357,14.2,47,100,0.62,TR,1698721606
300,kimbe,-5.5502,150.1429,26.33,88,100,1.32,PG,1698721606
301,iwanai,42.9744,140.5089,14.81,62,81,2.16,JP,1698721606
302,nantucket,41.2835,-70.0995,11.19,91,100,8.75,US,1698721475
303,pimentel,-6.8367,-79.9342,20.16,83,0,8.23,PE,1698721606
304,labytnangi,66.6572,66.4183,-10.74,95,100,1.82,RU,1698721429
305,mbandaka,0.0487,18.2603,22.54,96,100,0.92,CD,1698721607
306,sola,-13.8833,167.55,29.37,84,100,1.03,VU,1698721607
307,bardai,11.65,7.2333,22.77,26,98,3.57,NG,1698721557
308,yilan,24.757,121.753,27.2,79,78,2.57,TW,1698721607
309,coquimbo,-29.9533,-71.3436,13.85,82,0,1.03,CL,1698721397
310,zhangye,38.9342,100.4517,15.93,17,10,0.65,CN,1698721607
311,saint-pierre,-21.3393,55.4781,24.82,47,0,4.12,RE,1698721553
312,penzance,50.1186,-5.5371,13.38,85,19,8.97,GB,1698721608
313,ban karon,7.8477,98.2985,30.44,70,97,3.72,TH,1698721608
314,briceni,48.3572,27.7036,12.1,52,54,3.23,MD,1698721608
315,kingston,17.997,-76.7936,28.53,85,75,2.06,JM,1698721011
316,isla mujeres,21.2311,-86.731,24.03,80,2,2.63,MX,1698721608
317,sao gabriel da cachoeira,-0.1303,-67.0892,25.67,77,100,0.58,BR,1698721609
318,bamboo flat,11.7,92.7167,29.05,79,40,3.6,IN,1698721528
319,mareeba,-17.0,145.4333,31.91,40,67,3.93,AU,1698721609
320,rongelap,11.1635,166.8941,28.58,78,87,9.18,MH,1698721609
321,chu,43.5983,73.7614,11.92,75,100,7.63,KZ,1698721609
322,gagliano del capo,39.8442,18.3695,20.45,80,94,10.02,IT,1698721609
323,necochea,-38.5473,-58.7368,8.15,68,7,3.81,AR,1698721496
324,iida,35.5197,137.8207,18.91,54,12,1.79,JP,1698721610
325,cockburn town,21.4612,-71.1419,28.7,80,97,5.89,TC,1698721610
326,mitu,1.1983,-70.1733,25.81,77,69,0.55,CO,1698721610
327,hanceville,34.0607,-86.7675,9.19,80,99,4.82,US,1698721443
328,hilo,19.7297,-155.09,26.16,88,100,2.57,US,1698721610
329,kangding,30.0513,101.9603,14.13,63,26,0.6,CN,1698721611
330,novyy urgal,51.0736,132.5642,-1.58,47,100,0.66,RU,1698721611
331,mahina,-17.5065,-149.489,27.87,69,75,1.03,PF,1698721611
332,masina,-4.3836,15.3914,22.19,93,100,0.9,CD,1698721611
333,patterson,37.4716,-121.1297,17.66,56,6,2.07,US,1698721385
334,utrik,11.2278,169.8474,28.21,79,100,7.97,MH,1698721611
335,pirapozinho,-22.2753,-51.5,22.0,84,100,2.04,BR,1698721612
336,san antonio de pale,-1.4014,5.6325,26.32,84,100,6.39,GQ,1698721612
337,portland,45.5234,-122.6762,11.68,50,0,4.47,US,1698721318
338,coahuayana de hidalgo,18.7,-103.6583,25.75,93,49,1.46,MX,1698721612
339,ulladulla,-35.35,150.4667,24.87,37,0,6.52,AU,1698721299
340,touros,-5.1989,-35.4608,25.26,72,48,5.08,BR,1698721412
341,palikir - national government center,6.9248,158.1611,31.47,74,100,2.57,FM,1698721612
342,jamestown,42.097,-79.2353,4.77,80,100,3.6,US,1698721436
343,tuy hoa,13.0833,109.3,26.36,87,100,3.64,VN,1698721613
344,khandyga,62.6667,135.6,-9.02,93,100,2.09,RU,1698721553
345,kilju,40.9642,129.3278,18.98,46,18,3.18,KP,1698721613
346,quellon,-43.1167,-73.6167,4.58,78,0,1.69,CL,1698721613
347,cativa,9.3606,-79.8436,26.77,90,100,3.13,PA,1698721613
348,natal,-5.795,-35.2094,24.36,83,40,1.54,BR,1698721613
349,umluj,25.0213,37.2685,27.04,59,0,4.07,SA,1698721614
350,eyl,7.9803,49.8164,26.45,79,85,4.89,SO,1698721410
351,pandan,14.0453,124.1694,27.44,87,100,7.03,PH,1698721614
352,sur,22.5667,59.5289,25.85,62,12,3.08,OM,1698721614
353,frastanz,47.2167,9.6331,10.7,91,100,2.24,AT,1698721614
354,palopo,-2.9996,120.1921,30.26,60,15,2.88,ID,1698721614
355,youhao,47.8667,128.8333,4.9,65,100,3.17,CN,1698721615
356,callao,-12.0667,-77.15,21.51,82,0,5.14,PE,1698721615
357,sabha,27.0377,14.4283,20.53,33,0,4.52,LY,1698721378
358,oriximina,-1.7656,-55.8661,27.76,60,97,1.53,BR,1698721615
359,el abiodh sidi cheikh,32.893,0.5484,17.07,49,43,1.69,DZ,1698721615
360,richards bay,-28.783,32.0377,15.43,84,97,1.59,ZA,1698721615
361,fale old settlement,-9.3852,-171.2468,28.2,79,100,7.0,TK,1698721436
362,el bauga,18.262,33.9081,25.38,62,22,3.23,SD,1698721449
363,nemuro,43.3236,145.575,11.85,72,14,5.62,JP,1698721528
364,kolasib,24.2333,92.7,25.5,58,4,0.37,IN,1698721616
365,nar'yan-mar,67.6713,53.087,-10.5,97,88,2.68,RU,1698721404
366,arica,-18.475,-70.3042,17.75,88,100,0.51,CL,1698721522
367,kani keli,-12.9536,45.1033,25.59,71,20,0.43,YT,1698721616
368,cambria,35.5641,-121.0808,17.53,38,0,0.89,US,1698721616
369,okha,53.5739,142.9478,3.85,63,43,9.15,RU,1698721617
370,sallisaw,35.4604,-94.7875,3.82,92,0,0.0,US,1698721617
371,camanducaia,-22.7553,-46.1447,20.64,87,100,0.41,BR,1698721617
372,newman,37.3138,-121.0208,16.27,38,5,0.89,US,1698721395
373,thief river falls,48.1191,-96.1812,-4.47,95,100,5.58,US,1698721457
374,dakhla,23.6848,-15.958,20.38,87,0,4.57,EH,1698721617
375,deltebre,40.7499,0.7868,14.63,51,27,4.89,ES,1698721618
376,geraldton,-28.7667,114.6,31.23,16,0,8.23,AU,1698721356
377,hasparren,43.3838,-1.305,15.58,62,0,2.57,FR,1698721618
378,mossel bay,-34.1831,22.146,8.96,76,0,4.07,ZA,1698721399
379,jaynagar-majilpur,22.1758,88.4178,26.69,61,88,2.69,IN,1698721618
380,benghazi,32.1167,20.0667,20.91,79,0,3.5,LY,1698721377
381,onsala,57.4253,12.029,2.75,82,100,0.89,SE,1698721618
382,mhamid,29.82,-5.72,23.36,29,89,0.99,MA,1698721619
383,rovaniemi,66.5,25.7167,-9.33,92,100,3.09,FI,1698721619
384,banjar,-8.19,114.9675,33.04,51,5,2.02,ID,1698721619
385,antsiranana,-12.2787,49.2917,24.44,82,76,6.77,MG,1698721619
386,moyale,3.5167,39.0584,18.43,83,10,2.69,KE,1698721619
387,aswan,24.0934,32.907,25.66,53,0,1.72,EG,1698721619
388,suicheng,33.8963,117.9331,26.28,35,0,5.24,CN,1698721522
389,fang,19.9169,99.2145,21.85,98,100,0.37,TH,1698721620
390,markala,13.7021,-6.0659,28.45,25,19,4.14,ML,1698721620
391,san jeronimo de juarez,17.1333,-100.4667,26.51,89,41,1.45,MX,1698721620
392,sitka,57.0531,-135.33,7.94,87,100,1.54,US,1698721562
393,namibe,-15.1961,12.1522,17.47,79,0,2.2,AO,1698721620
394,ingeniero jacobacci,-41.3427,-69.5448,4.17,67,99,3.86,AR,1698721620
395,broken hill,-31.95,141.4333,19.99,30,83,3.9,AU,1698721353
396,nazare,-13.035,-39.0144,20.27,87,97,0.25,BR,1698721621
397,la ronge,55.1001,-105.2842,-10.86,79,0,1.54,CA,1698721540
398,dobryanka,58.4619,56.4165,-5.16,98,100,1.11,RU,1698721621
399,kupang,-10.1667,123.5833,33.32,55,20,4.12,ID,1698721621
400,balaipungut,1.05,101.2833,28.02,85,100,0.58,ID,1698721622
401,sebring,27.4956,-81.4409,23.21,89,0,0.89,US,1698721622
402,changyon,38.2508,125.0961,19.84,66,5,7.42,KP,1698721622
403,namdrik,5.5994,168.1028,28.86,73,100,3.84,MH,1698721466
404,severo-yeniseyskiy,60.3725,93.0408,-17.46,97,55,0.89,RU,1698721546
405,ludington,43.9553,-86.4526,2.34,59,100,2.57,US,1698721622
406,tainan,22.9908,120.2133,28.95,58,40,0.0,TW,1698721623
407,weno,7.4515,151.8468,30.97,74,75,2.06,FM,1698721623
408,mokhsogollokh,61.4681,128.9203,-10.43,79,12,1.74,RU,1698721623
409,hassi messaoud,31.6804,6.0729,26.78,17,100,3.25,DZ,1698721623
410,kununurra,-15.7667,128.7333,37.11,29,100,2.23,AU,1698721445
411,kailua-kona,19.6406,-155.9956,28.46,77,20,5.66,US,1698721479
412,aromashevo,56.8602,68.6375,-9.87,97,93,2.95,RU,1698721624
413,east london,-33.0153,27.9116,13.09,87,24,4.29,ZA,1698721624
414,shahba,32.8551,36.629,17.1,50,97,1.16,SY,1698721624
415,sidi ifni,29.3797,-10.173,23.0,53,50,0.33,MA,1698721624
416,andergrove,-21.0833,149.1833,32.58,54,6,4.19,AU,1698721624
417,souillac,-20.5167,57.5167,24.34,82,41,4.43,MU,1698721625
418,almazan,41.4865,-2.5309,7.66,85,83,6.75,ES,1698721625
419,nago,26.5881,127.9761,28.03,66,42,6.36,JP,1698721397
420,ofunato,39.0717,141.7167,17.88,58,0,2.52,JP,1698721625
421,shitanjing,39.2342,106.3439,17.31,16,1,7.19,CN,1698721625
422,lipova,46.0833,21.7,16.25,49,72,3.58,RO,1698721625
423,lompoc,34.6391,-120.4579,16.08,82,0,0.0,US,1698721626
424,pangody,65.85,74.4859,-14.15,94,26,2.99,RU,1698721626
425,benguela,-12.5763,13.4055,23.76,83,19,2.19,AO,1698721626
426,pak phanang,8.3511,100.202,29.0,74,94,4.43,TH,1698721626
427,kralendijk,12.15,-68.2667,29.99,79,20,5.14,BQ,1698721627
428,kapuskasing,49.4169,-82.4331,-5.73,85,20,1.35,CA,1698721627
429,sao jose de ribamar,-2.5619,-44.0542,26.21,81,22,5.93,BR,1698721627
430,abatskoye,56.2875,70.4555,-6.87,92,89,4.0,RU,1698721627
431,la'ie,21.6477,-157.9253,28.98,72,25,3.13,US,1698721485
432,laveen,33.3619,-112.1534,22.81,24,0,4.12,US,1698721627
433,laizhou,37.1717,119.9214,24.69,38,1,6.18,CN,1698721628
434,pacocha,-17.5833,-71.3333,18.61,87,60,2.41,PE,1698721628
435,matthew town,20.95,-73.6667,28.7,76,100,1.34,BS,1698721628
436,misratah,32.3754,15.0925,22.62,69,1,6.53,LY,1698721529
437,jinjiang,24.8198,118.5741,25.48,55,5,6.13,CN,1698721629
438,severobaykal'sk,55.65,109.3167,-9.16,49,27,1.09,RU,1698721629
439,ouro sogui,15.6,-13.3167,30.5,47,75,6.95,SN,1698721629
440,grand falls-windsor,48.9332,-55.6649,0.84,88,98,1.04,CA,1698721404
441,villa yapacani,-17.4,-63.8333,27.07,70,93,3.39,BO,1698721629
442,santo antonio,-6.3106,-35.4789,22.1,83,85,2.93,BR,1698721629
443,el calafate,-50.3408,-72.2768,4.21,62,28,0.32,AR,1698721487
444,chishmy,54.5765,55.3764,1.56,98,100,4.73,RU,1698721630
445,acapulco de juarez,16.8634,-99.8901,26.66,86,22,1.49,MX,1698721491
446,cushing,35.9851,-96.767,1.06,86,0,0.0,US,1698721630
447,st. john's,47.5649,-52.7093,1.49,94,100,3.09,CA,1698721498
448,sovetskiy,61.3614,63.5842,-8.39,86,100,3.13,RU,1698721630
449,paka,4.6374,103.4368,29.64,69,83,1.54,MY,1698721630
450,hasaki,35.7333,140.8333,22.38,53,23,2.55,JP,1698721631
451,axim,4.8699,-2.2405,25.61,90,1,2.49,GH,1698721631
452,belmonte,-15.8631,-38.8828,23.61,75,92,3.27,BR,1698721631
453,russkaya polyana,49.417,31.9201,12.19,76,48,4.79,UA,1698721631
454,yershov,51.3513,48.2766,7.61,80,100,8.34,RU,1698721631
455,tocopilla,-22.092,-70.1979,19.65,66,8,3.39,CL,1698721632
456,hun,29.1268,15.9477,20.31,46,55,3.19,LY,1698721632
457,basoko,1.2391,23.616,22.36,95,100,1.25,CD,1698721632
458,nadi,-17.8,177.4167,32.0,62,40,7.2,FJ,1698721632
459,mahdia,35.5047,11.0622,23.97,82,56,9.19,TN,1698721632
460,coos bay,43.3665,-124.2179,11.66,87,0,2.06,US,1698721633
461,narvik,68.4384,17.4272,-1.77,94,72,1.99,NO,1698721633
462,launceston,-41.45,147.1667,16.8,36,40,6.69,AU,1698721633
463,manokwari,-0.8667,134.0833,27.62,77,98,2.83,ID,1698721633
464,mangrol,21.1167,70.1167,26.96,50,58,4.01,IN,1698721379
465,newport east,41.5158,-71.2875,10.56,84,100,6.17,US,1698721633
466,nikolayevsk-on-amure,53.1406,140.73,3.68,40,8,4.64,RU,1698721485
467,puga,21.5833,-104.8167,20.99,98,65,1.33,MX,1698721634
468,da nang,16.0678,108.2208,28.99,74,40,4.12,VN,1698721634
469,northam,51.0333,-4.2167,10.77,97,6,3.1,GB,1698721634
470,matelandia,-25.2408,-53.9964,20.43,98,59,2.14,BR,1698721634
471,arar,30.9753,41.0381,18.01,48,0,4.12,SA,1698721635
472,mukalla,14.5425,49.1242,25.04,77,76,2.5,YE,1698721635
473,salekhard,66.53,66.6019,-10.56,94,100,2.49,RU,1698721496
474,mersa matruh,31.3525,27.2453,22.6,75,86,3.72,EG,1698721635
475,tatishchevo,51.6703,45.5953,10.26,84,91,7.83,RU,1698721636
476,pampas,-12.4,-74.9,11.75,81,100,0.8,PE,1698721636
477,pola de lena,43.1609,-5.8288,12.81,82,22,3.06,ES,1698721636
478,itapetinga,-15.2489,-40.2478,18.97,85,100,1.54,BR,1698721636
479,howard springs,-12.497,131.047,34.34,65,88,1.4,AU,1698721467
480,loango,-4.6719,11.8312,25.09,91,99,3.68,CG,1698721637
481,el granada,37.5027,-122.4694,18.34,41,0,3.6,US,1698721637
482,ati,13.2154,18.3353,27.01,16,4,2.75,TD,1698721637
483,mana,5.6592,-53.7767,26.56,86,8,4.37,GF,1698721637
484,yallahs,17.8748,-76.5624,27.85,81,100,1.09,JM,1698721637
485,ar rutbah,33.0381,40.2848,19.82,45,78,2.98,IQ,1698721638
486,ajdabiya,30.7554,20.2263,19.49,65,2,3.38,LY,1698721638
487,saint-paul,-21.0096,55.2707,25.06,63,2,1.79,RE,1698721638
488,posto fiscal rolim de moura,-13.0833,-62.2667,26.62,56,41,0.33,BR,1698721638
489,semirara,12.0697,121.3986,28.36,75,100,9.83,PH,1698721638
490,ust-tsilma,65.441,52.1498,-8.55,98,95,0.89,RU,1698721639
491,sonoita,31.85,-112.8333,19.35,27,0,6.37,MX,1698721639
492,selfoss,63.9331,-20.9971,-0.53,79,42,3.81,IS,1698721639
493,shamva,-17.3116,31.5756,18.39,78,100,3.94,ZW,1698721640
494,iquitos,-3.7481,-73.2472,26.02,89,75,1.03,PE,1698721640
495,humberto de campos,-2.5983,-43.4611,25.3,85,42,2.56,BR,1698721640
496,luwuk,-0.9516,122.7875,31.83,53,80,2.09,ID,1698721640
497,santa cruz,-17.8,-63.1667,26.7,83,75,3.09,BO,1698721641
498,anaco,9.4389,-64.4728,23.08,93,100,3.13,VE,1698721641
499,tynda,55.1667,124.7167,-12.88,75,100,0.35,RU,1698721641
500,nehe,48.4833,124.8333,-0.58,88,100,5.79,CN,1698721642
501,ribeira brava,32.65,-17.0667,21.67,92,100,3.14,PT,1698721642
502,igurusi,-8.85,33.85,19.94,66,93,2.85,TZ,1698721642
503,barra de santo antonio,-9.4047,-35.5072,22.6,77,89,3.06,BR,1698721525
504,queenstown,-31.8976,26.8753,6.18,83,48,1.03,ZA,1698721643
505,gebeit,21.0667,36.3167,22.21,80,0,2.34,SD,1698721643
506,sailana,23.4667,74.9167,23.49,41,100,2.76,IN,1698721643
507,shakiso,5.75,38.9167,13.0,98,22,1.57,ET,1698721643
508,tangalle,6.024,80.7911,26.09,76,83,0.56,LK,1698721644
509,brookings,44.3114,-96.7984,-2.0,78,100,12.86,US,1698721644
510,kavieng,-2.5744,150.7967,27.65,75,87,4.25,PG,1698721644
511,veshkayma,54.05,47.1333,7.56,90,100,7.46,RU,1698721644
512,carboneras,37.0015,-1.9213,16.29,75,100,2.4,ES,1698721645
513,manchester,53.4809,-2.2374,9.19,86,75,3.6,GB,1698721555
514,kruisfontein,-34.0033,24.7314,9.92,91,0,2.24,ZA,1698721645
515,leticia,-4.2153,-69.9406,24.99,100,0,1.03,CO,1698721645
516,tarfaya,27.9358,-12.9218,21.49,75,100,0.49,MA,1698721555
517,puerto escondido,15.85,-97.0667,27.46,61,75,3.09,MX,1698721645
518,murghob,38.1702,73.9667,-1.1,50,100,1.98,TJ,1698721646
519,smara,26.7384,-11.6719,23.26,41,26,3.56,EH,1698721646
520,pontianak,-0.0333,109.3333,27.99,83,75,2.06,ID,1698721646
521,chadan,51.2833,91.5833,0.26,71,100,1.74,RU,1698721646
522,veraval,20.9,70.3667,27.21,44,50,4.03,IN,1698721646
523,puerto aysen,-45.4,-72.7,0.74,97,99,0.33,CL,1698721647
524,magadi,12.9667,77.2333,23.09,82,100,4.14,IN,1698721647
525,san luis de la loma,17.2706,-100.8939,26.26,88,38,1.83,MX,1698721647
526,surajgarh,28.3124,75.7347,26.21,35,1,2.61,IN,1698721648
527,chipinge,-20.1883,32.6236,11.33,92,100,1.95,ZW,1698721648
528,swakopmund,-22.6833,14.5333,13.93,89,0,1.86,NA,1698721648
529,fukuecho,32.6881,128.8419,19.93,54,0,1.42,JP,1698721648
530,bielsk podlaski,52.7651,23.1865,9.58,86,100,5.67,PL,1698721381
531,johi,26.6921,67.6133,29.41,25,0,1.15,PK,1698721649
532,dryden,49.7833,-92.7503,-3.84,93,75,2.06,CA,1698721649
533,kirklareli,41.7351,27.2252,15.08,60,0,0.23,TR,1698721649
534,nishinoomote,30.7333,131.0,21.42,65,23,4.85,JP,1698721649
535,as saffaniyah,27.9708,48.73,23.94,75,30,2.61,SA,1698721650
536,palo santo,-25.5633,-59.3378,20.05,98,100,1.2,AR,1698721650
537,argo,37.6333,22.7333,18.09,73,0,1.45,GR,1698721650
538,camana,-16.6228,-72.7111,18.94,89,59,4.35,PE,1698721650
539,jolo,6.05,121.0167,30.64,63,57,0.89,PH,1698721651
540,zhanaozen,43.3,52.8,9.68,75,0,2.85,KZ,1698721651
541,guerrero negro,27.9769,-114.0611,21.79,44,0,2.65,MX,1698721651
542,taguatinga,-12.3857,-46.5711,29.66,26,57,0.46,BR,1698721651
543,tosontsengel,48.7567,98.2839,1.78,85,100,2.05,MN,1698721651
544,vadso,70.0744,29.7487,0.09,80,75,4.12,NO,1698721552
545,playa del carmen,20.6274,-87.0799,27.16,93,8,2.32,MX,1698721652
546,almeirim,-1.5233,-52.5817,27.99,59,15,2.34,BR,1698721652
547,kokopo,-4.352,152.2633,25.12,88,100,1.21,PG,1698721476
548,shetpe,44.1667,52.1167,9.37,77,0,1.53,KZ,1698721653
549,shyshaky,49.8817,34.0112,10.33,85,74,3.75,UA,1698721653
550,hebi,35.8992,114.1925,27.26,20,3,1.6,CN,1698721653
551,nouadhibou,20.931,-17.0347,20.99,94,0,6.17,MR,1698721654
552,uzgen,40.7699,73.3007,16.16,35,100,1.96,KG,1698721654
553,tafuna,-14.3358,-170.72,27.97,74,75,6.69,AS,1698721654
554,carutapera,-1.195,-46.02,26.05,82,55,2.98,BR,1698721654
555,viana,-20.3903,-40.4961,24.87,95,100,1.07,BR,1698721557
556,gereida,11.2811,25.1414,24.88,45,83,0.47,SD,1698721654
557,sogndal,61.2283,7.1003,0.21,59,20,3.09,NO,1698721655
558,malvan,16.0667,73.4667,27.2,72,27,1.91,IN,1698721655
559,ocean acres,39.7435,-74.281,12.03,87,100,0.89,US,1698721655
560,darwin,-12.4611,130.8418,34.38,57,75,1.54,AU,1698721647
561,sandnessjoen,66.0217,12.6316,-8.71,67,3,4.08,NO,1698721655
562,maitum,6.0392,124.4986,29.88,68,80,3.04,PH,1698721656
563,tabas,33.5959,56.9244,20.61,33,97,1.54,IR,1698721656
564,nizao,18.25,-70.2,29.7,79,100,0.28,DO,1698721656
565,ciudad rodrigo,40.6,-6.5333,7.65,89,100,1.73,ES,1698721585
566,las heras,-46.5419,-68.9359,4.25,41,58,4.31,AR,1698721378
567,apolinario saravia,-24.4328,-63.9954,18.46,85,100,7.25,AR,1698721432
568,mount gambier,-37.8333,140.7667,14.3,46,82,4.21,AU,1698721657
569,mezhdurechenskiy,59.6,65.9333,-7.94,88,100,2.08,RU,1698721466
570,muroto-misakicho,33.2833,134.15,19.36,62,56,2.08,JP,1698721657
571,ayame,5.6083,-3.1563,23.47,97,47,0.81,CI,1698721658
